review_user,review_room,review_rating,review_comment,review_created_at,review_updated_at
10,18,4.08,Dolores omnis cum repellat pariatur nulla cumque. Provident natus unde perspiciatis dolore mollitia quidem. Laborum recusandae minus itaque corporis vero.,2020-07-01 12:26:07,2023-05-24 00:46:04
13,2,4.78,Harum illo sequi iusto maiores esse. Eaque corporis beatae est eum assumenda iste. Soluta at suscipit quibusdam in officiis sunt.,2023-03-21 11:25:42,2023-10-11 11:57:12
14,6,3.88,Eos in culpa nostrum cupiditate libero. Sit maiores maxime repellat. Odio ullam reiciendis unde tempora omnis tempore expedita.,2020-11-28 13:03:58,2023-01-05 01:33:36
16,19,4.87,Enim facere aut itaque occaecati minus. Laboriosam totam nihil doloremque. Porro tempore eligendi molestiae natus maiores laboriosam amet.,2021-08-17 12:34:08,2023-04-08 01:23:58
4,7,3.11,Dolorum modi placeat veniam. Et soluta neque reprehenderit. Occaecati illo possimus temporibus assumenda est magni ipsa.,2020-08-05 13:17:23,2023-01-20 02:10:50
12,11,3.23,"Similique vero vel voluptate. Ipsam pariatur laborum illum.
Atque repellendus totam vero mollitia. Eum at asperiores quasi cum. Voluptatibus praesentium iusto.",2022-09-18 00:38:38,2023-06-30 11:04:09
12,19,3.81,"Velit laborum maxime. Voluptate ipsa quos nostrum consequatur. Repudiandae autem harum totam cum nobis.
Inventore quos facere delectus nesciunt quam. Maxime voluptas deleniti beatae nobis.",2022-05-08 09:50:22,2023-06-22 20:56:06
4,15,4.91,"Tenetur iste aspernatur repellat neque beatae. Pariatur explicabo fugiat expedita quae.
Temporibus voluptas reprehenderit saepe voluptatem impedit consequuntur. Totam quis modi voluptatem incidunt.",2021-08-15 04:43:25,2023-02-13 16:32:59
20,13,4.66,Sapiente dolore placeat libero. Sequi possimus quo excepturi rerum. Molestias velit et delectus quas.,2022-08-17 21:03:24,2023-08-04 13:57:48
14,1,4.89,Inventore voluptatum libero perferendis. Saepe rerum maxime magnam illum adipisci fugit ea. Hic repellendus porro quae blanditiis rem rem.,2022-07-30 02:23:22,2023-10-06 16:44:31
20,20,3.94,Ipsa facere atque. Quo inventore placeat repudiandae voluptates quae amet odit. Ea distinctio ullam quod pariatur illum maiores.,2020-12-12 00:33:07,2023-01-17 06:37:00
9,5,3.47,"Tempore veniam sunt inventore est tempore maxime perspiciatis. Dolorum provident reprehenderit quisquam eligendi quas suscipit.
A eaque consectetur quisquam nam facilis. Enim distinctio reiciendis.",2023-09-11 22:51:29,2023-03-25 17:05:04
10,7,4.55,"Debitis temporibus maiores quidem voluptatem. Soluta cupiditate ex ex quod nemo.
Voluptate nam facilis sint sed labore. Architecto illo occaecati facilis quibusdam.",2023-10-27 03:03:54,2023-08-06 23:19:51
9,3,4.23,"Aut voluptate soluta pariatur. Perferendis commodi voluptas nisi quasi.
Temporibus occaecati aliquam eum natus quos odio. Repellendus neque laborum deserunt. Et cum voluptatibus maiores.",2022-11-25 17:03:39,2023-08-03 21:32:43
14,14,3.34,Occaecati iusto enim libero minus quisquam ut. Minus accusantium dolores enim. Laboriosam consequatur molestiae reprehenderit.,2021-05-31 04:49:39,2023-05-14 00:17:01
4,15,3.83,Dolore esse vel qui magnam. Eius maxime mollitia facere ut esse iusto. Praesentium architecto magnam minus quas.,2022-11-08 22:27:29,2023-01-10 00:26:16
10,1,3.19,Dignissimos dolore pariatur adipisci hic. Ullam laboriosam numquam eius dolorum odio omnis. Deserunt consequatur dolorem exercitationem culpa cupiditate. Minus modi delectus quibusdam.,2020-04-12 22:02:05,2023-02-28 13:29:43
20,18,4.5,Animi debitis inventore culpa. Repellendus tenetur dolores quaerat accusantium.,2022-06-16 22:11:27,2023-10-01 01:04:55
20,20,3.54,"Alias nam ducimus nisi nisi ipsum repellat ad. Modi nihil perferendis maxime. Minima molestiae odio nam atque voluptas aut. Odio vitae quibusdam amet tempora aspernatur eos.
Ex at voluptas id.",2023-07-11 16:47:45,2023-06-10 08:41:26
8,14,3.97,"Labore nostrum maiores ducimus corporis sequi facere. Fuga praesentium necessitatibus provident sequi autem est.
Quam aperiam explicabo. Sapiente quia dolores.",2023-03-30 10:07:21,2023-09-25 08:47:50
3,7,3.31,"Quasi molestiae nihil. Iure ex beatae veritatis.
Facilis culpa facere soluta repudiandae tempora. Id occaecati ea fuga magnam eveniet excepturi quos.",2022-12-18 23:50:47,2023-03-29 01:21:53
12,19,3.42,Ducimus commodi non a sapiente fugit. Aspernatur assumenda quasi est esse dignissimos. Illum facilis facilis magnam explicabo ut maiores praesentium.,2022-02-06 16:56:07,2023-10-23 16:55:49
19,19,3.23,"Totam eius necessitatibus autem iusto dicta. Dignissimos at magni amet qui.
Dolorum consequuntur ea. Molestias dolor voluptatum minima.",2023-01-21 16:06:32,2023-08-18 05:59:35
4,11,3.22,Error amet voluptatibus officia inventore. Dolorum sit fugit dolor distinctio. Aliquam rem doloremque doloremque ipsa maiores laboriosam eligendi.,2021-09-28 06:02:28,2023-04-29 00:01:18
17,2,3.34,"A voluptatibus atque suscipit eum.
Possimus deserunt ipsam voluptas est commodi. Veniam maiores voluptate occaecati dicta illo a. Maiores sed minus distinctio.",2021-12-20 10:37:59,2023-03-26 21:20:18
8,10,3.56,"Modi nisi veritatis aliquam dolorem sapiente magni eaque. In nobis libero.
Laborum inventore ipsum sit officiis vitae laudantium. Quod consectetur odit ratione facilis ab similique.",2021-06-16 18:10:00,2023-06-04 06:58:18
12,2,4.73,Blanditiis dolorum natus veniam porro sapiente. Quo repudiandae consequatur aliquam ducimus corrupti iure. Ipsum earum eveniet est illum temporibus.,2020-09-08 06:31:31,2023-11-03 19:48:24
13,11,3.4,Laboriosam repudiandae dolorem magnam odit. Maiores corporis voluptate voluptatibus laboriosam rem vel. Expedita blanditiis culpa provident officia recusandae quia dolore.,2021-03-28 13:16:32,2023-08-14 13:45:07
16,1,3.52,"Quae voluptas assumenda. Blanditiis explicabo quidem voluptas fuga. Occaecati rerum quisquam occaecati natus quidem esse.
Nesciunt voluptatum dolore quas quis. Cupiditate error minus.",2020-05-16 17:34:21,2023-11-27 08:25:05
3,15,4.49,Amet aliquam nobis iste voluptates cupiditate officia. Harum laudantium necessitatibus. Atque magni ipsam possimus. Ratione sequi totam delectus quas eius similique.,2021-10-24 17:13:36,2023-03-19 22:33:37
10,4,3.39,"Necessitatibus laudantium vitae nisi repellat. Error odit delectus beatae quis eius.
Perspiciatis ipsum doloribus nulla. Reiciendis deleniti recusandae aspernatur harum.",2021-10-21 08:58:35,2023-08-07 12:49:22
13,18,3.27,Dolores voluptatum eos repellat aliquid quis quasi. Vero a ex porro. Soluta dolorem harum et quis quis maiores odit.,2021-02-15 08:17:57,2023-01-12 04:21:40
13,9,4.46,Voluptates deserunt totam illum. Debitis quam voluptates similique esse provident debitis. Incidunt necessitatibus mollitia voluptatum consequatur.,2021-06-11 03:48:18,2023-04-29 06:56:00
2,14,4.39,"Culpa id repellendus ipsa. Nisi error velit perspiciatis.
Dolor accusamus dolores necessitatibus amet aut fugiat. Iure error libero officiis.
Iusto at aut sed est.",2020-01-22 11:20:17,2023-09-01 08:30:56
9,6,4.08,Eum sapiente quam consequuntur reiciendis at sunt ex. Dolorem fugiat laborum sed veritatis libero. Iure hic reiciendis nisi minima. Officiis sapiente nam quae praesentium.,2021-05-08 19:17:04,2023-01-05 01:49:21
20,3,3.31,"Non minus neque atque. Commodi ex fugiat unde.
Laudantium quibusdam alias eum. Provident quis modi provident expedita dolore commodi. Corrupti recusandae nemo iusto soluta maxime reiciendis quis.",2020-02-21 16:30:53,2023-04-26 07:30:26
13,17,4.47,Vel delectus voluptate odit. Illum quia blanditiis eaque.,2020-08-28 07:46:12,2023-02-21 16:02:18
8,5,3.41,"Aut assumenda enim tenetur doloremque veritatis architecto voluptas. Rerum veritatis ut provident.
Impedit asperiores enim fuga minima iste. Delectus sint velit rem.",2023-05-02 15:53:43,2023-01-27 00:59:19
18,14,4.45,"Facere ipsum enim quos doloribus optio. Deleniti eum nisi.
Numquam reiciendis labore reiciendis ex. Architecto necessitatibus quia consectetur quas rem inventore.",2020-05-12 04:09:44,2023-11-12 14:53:11
16,14,3.83,Repudiandae eaque enim ipsa a laboriosam. Adipisci minima repudiandae dolor quaerat reprehenderit id. Sapiente ex quaerat voluptatem ducimus maxime dolore.,2023-05-17 11:25:31,2023-11-11 04:41:32
9,7,4.52,"In cum rerum accusamus magni adipisci. Quos in doloribus labore.
Eos itaque libero consectetur quas maxime consequatur. Consectetur tempore harum minus similique fugiat suscipit.",2020-07-04 17:37:25,2023-10-24 21:31:27
17,5,3.1,Sunt corrupti maiores ex. Saepe optio cum sit quidem inventore. Velit atque aliquam iusto accusamus corporis.,2020-11-07 07:15:01,2023-05-27 20:17:27
7,9,4.97,"Veniam facilis ipsam asperiores. Tempora quam numquam debitis quis dolorum architecto.
Expedita commodi quibusdam tenetur harum at.",2020-07-22 20:55:51,2023-04-30 09:46:30
10,10,3.87,Quam esse quae nulla accusamus ex eveniet. Officia voluptas maiores hic perspiciatis voluptatibus. Magnam unde quasi alias dicta placeat a.,2021-11-20 21:37:24,2023-01-22 23:19:29
11,2,3.31,"Sed quod unde esse facilis maxime odio. Fugiat hic est tempora sequi voluptates nostrum.
Omnis nobis magni autem. Consectetur doloribus earum mollitia necessitatibus. Vel aliquam blanditiis iste vel.",2021-08-24 11:46:26,2023-10-05 01:29:14
20,2,4.29,"Vel omnis totam magni ratione molestiae tempora. Culpa vitae debitis ab sequi architecto.
Ea incidunt non. Voluptates aspernatur optio fugit.",2022-08-30 08:28:26,2023-07-25 16:22:06
2,10,3.58,"Consectetur nobis magni laboriosam odio.
Autem aliquid eaque consectetur. Reiciendis totam eligendi at non nam odit. Eum aliquid nemo molestiae corrupti.",2020-10-24 19:34:35,2023-09-22 09:21:20
16,7,4.59,Provident exercitationem distinctio non doloremque provident modi. Dolorum optio pariatur placeat totam velit. Molestiae culpa veniam beatae tempore inventore.,2020-11-02 16:00:58,2023-04-26 02:39:41
7,13,3.69,Fuga odio laudantium non laboriosam. Quidem in ad. Velit totam nemo vero consequuntur.,2023-04-08 08:27:20,2023-01-22 06:51:23
13,6,4.88,Exercitationem laudantium ut consequatur placeat. Ullam suscipit labore fugiat molestiae. Ipsa ad similique cupiditate ex commodi minima.,2023-07-07 18:12:01,2023-09-29 13:03:41
