review_author,review_room,review_score,review_content,review_created_at,review_updated_at
6,3,3,"Minima illo et necessitatibus asperiores. Consectetur ipsum dolor minima vero. Nisi fugit et dolores facere.
Deserunt eius ea ratione. Possimus eius quaerat non iure quasi.",2020-08-25 13:53:12,2023-08-06 23:38:30
12,18,4,"Molestias dolore iure dolores atque.
Reiciendis culpa aut laudantium nam. Animi dolore quidem sapiente nesciunt perferendis laboriosam. Porro dolores asperiores in nulla omnis minima.",2023-08-26 02:10:34,2023-07-06 08:28:06
8,6,3,"Aliquid delectus earum ab odit fugiat exercitationem.
Dolore earum quos quos veniam hic perspiciatis. Placeat iure officiis maxime similique.",2021-05-09 14:07:00,2023-06-18 12:11:49
5,7,1,"Reprehenderit delectus velit a tenetur illo. Quibusdam sunt omnis perferendis quidem officia laudantium. Facere neque soluta eum.
Sunt dolorum facere alias quo doloribus. A quos ex.",2021-06-18 19:17:51,2023-10-18 09:53:31
17,2,2,"Architecto consectetur voluptatibus. Blanditiis aliquid unde officiis.
Veritatis impedit neque adipisci ipsa. Quaerat deleniti reprehenderit occaecati libero doloribus placeat. Ullam esse nam omnis.",2022-04-21 13:21:03,2023-10-03 05:00:05
10,8,5,Ducimus quaerat soluta ducimus. Adipisci neque omnis excepturi eos earum nobis minus. Ullam ut soluta laborum consequatur ipsa veniam libero.,2021-11-20 03:48:15,2023-08-26 20:06:19
10,3,1,Necessitatibus velit harum repellendus porro quibusdam sapiente. Occaecati aliquam aliquid cumque numquam quos officia. Vero voluptatum ut eaque odio.,2021-10-21 04:28:17,2023-07-09 22:42:14
5,16,2,"Sapiente pariatur harum ratione nisi unde. Unde illum tempore ipsa sint quam. Unde excepturi totam fuga praesentium.
Mollitia vero maxime nisi itaque ut. Laborum eos quae.",2021-07-11 09:39:29,2023-10-31 08:01:57
10,20,3,"Sit maxime dolorem molestias. Exercitationem repellendus sit.
Doloremque consequuntur amet inventore eaque. Earum nemo omnis perspiciatis accusamus accusantium quisquam.",2022-08-07 15:48:10,2023-07-07 12:04:09
8,9,4,Libero perferendis laboriosam nisi ad error. Ducimus impedit labore alias sit laborum.,2021-03-28 13:55:56,2023-10-03 09:17:10
4,20,2,In illo cumque suscipit incidunt. Ratione nam quisquam delectus illo fugiat. Expedita corporis explicabo quod cumque ullam vitae.,2021-10-28 20:52:05,2023-06-03 13:30:16
7,9,2,"Necessitatibus tempora corporis reprehenderit. Sint quaerat nobis ratione.
Sapiente omnis quam rerum eos quas. Temporibus eos soluta commodi enim.",2022-08-08 23:02:35,2023-09-25 18:59:15
4,5,2,"Odit laboriosam error distinctio provident dicta. In nihil sapiente modi alias eveniet rem.
Eius occaecati velit voluptates. Occaecati laudantium provident et. Voluptas dolorum maiores.",2022-01-02 22:03:45,2023-07-29 16:06:37
14,8,5,"Voluptates vero illum mollitia quis molestiae. Adipisci debitis harum perferendis.
Asperiores non magnam rem rem expedita. Et rerum nulla corporis. Corporis ipsam placeat aliquid possimus omnis quam.",2023-10-02 15:00:38,2023-12-12 02:34:08
17,12,3,"Modi ad animi laudantium atque blanditiis minima. Ab magni suscipit pariatur.
Recusandae laborum perspiciatis ducimus fugit molestias sed.",2023-10-21 19:48:08,2023-07-28 21:40:27
5,3,2,Nisi quod unde voluptates ab. Expedita fuga omnis neque et quas voluptatibus. Totam minus facere cupiditate placeat vitae. Et nulla assumenda minus provident.,2023-11-13 22:18:38,2023-12-13 02:26:28
17,19,2,Aliquam corrupti laudantium excepturi voluptas soluta veniam. Fuga sapiente dolore qui corrupti deserunt eos ab.,2022-10-22 01:49:06,2023-02-02 17:49:28
16,3,5,"Mollitia iusto minus nulla numquam reprehenderit facere. Sit et accusantium numquam.
Earum enim itaque optio quibusdam aut occaecati. Fuga facere earum exercitationem.",2020-06-12 05:04:52,2023-06-01 01:15:01
1,13,1,Vero fugit id molestias reiciendis. Eius veniam earum molestias blanditiis voluptas ullam in. Vero cum eaque culpa ipsam quisquam dignissimos. Quisquam quo fugit quis deleniti.,2022-11-27 13:42:52,2023-03-14 14:53:40
6,7,5,Quam animi adipisci laboriosam aliquam perferendis. Animi accusamus illo. Laudantium eos nihil nulla officia maiores maiores.,2021-09-03 20:37:59,2023-09-21 12:05:33
13,16,2,Dolorum tempore ducimus dolorum tempore accusantium. Repellendus voluptates ducimus qui velit.,2023-03-08 06:44:51,2023-08-26 04:45:51
19,15,4,Nulla tempora occaecati numquam. Quo reiciendis ipsa dolores nostrum corporis illo. Dolores labore qui omnis fugiat qui voluptate.,2023-11-25 23:57:19,2023-02-15 20:24:00
6,7,3,"Culpa repudiandae vero possimus quo. Totam occaecati earum. In eum fugit tempore libero expedita.
Hic in blanditiis quas consequatur molestias. Ducimus vel aspernatur sunt magni molestiae.",2021-04-16 07:28:21,2023-10-31 14:26:51
10,8,4,"Cumque autem harum earum et laborum vitae vitae.
Libero maxime ipsam aut delectus ipsam. Tempora sit temporibus.
Quas corporis sapiente nobis voluptates. Eos quisquam doloremque aut quia.",2021-02-09 21:13:49,2023-10-07 13:59:24
16,10,2,Porro ipsum placeat consequatur porro natus quod. Est ipsa odit veniam. Iure iusto qui eius voluptates.,2023-05-15 10:28:01,2023-06-30 18:12:03
3,4,5,"Omnis adipisci vitae earum.
Nulla voluptates veritatis deserunt. Voluptate dicta cumque sint reiciendis. Impedit repellendus temporibus.",2023-05-11 14:19:25,2023-07-19 06:36:50
14,13,1,Alias quasi deleniti veritatis. Sint laudantium consequuntur dolore possimus facere. Inventore corrupti voluptates vero quam voluptatibus deleniti.,2021-03-30 04:49:59,2023-08-21 19:54:50
14,6,2,"Odit facilis dolor ullam sed modi. Dolor doloremque nihil. Quos excepturi similique veritatis fuga delectus.
Ut ea dolorem. Possimus debitis placeat magni ab perferendis.",2020-10-23 10:05:17,2023-11-19 19:40:18
6,10,1,"Repellat veniam accusantium eum dolore nisi. Eius totam aspernatur pariatur ab est.
Voluptatibus hic similique eligendi. Cumque doloribus odit dolore. Dignissimos ipsam rem quasi.",2023-12-01 22:33:47,2023-04-14 13:18:56
3,12,3,Quam ipsum aspernatur libero consequatur ut magnam. Mollitia totam cum suscipit quisquam. Doloremque provident quidem quaerat.,2020-02-25 09:02:11,2023-05-06 09:12:26
3,13,1,Voluptatibus consequuntur occaecati nam. Earum aut quaerat quis laborum numquam. Veritatis enim ea ad earum. Veniam iste eos soluta iste vero autem.,2022-06-29 15:47:04,2023-03-28 23:02:11
14,13,4,"Tempora magni quibusdam ex. Quisquam eos ipsa inventore.
Debitis repellat doloremque harum ullam sunt ducimus. Dicta voluptatem sunt facilis vitae.",2023-02-05 09:18:47,2023-03-12 01:02:58
5,13,1,"Neque laudantium ducimus dignissimos assumenda quos. Amet dolor eius consequuntur minus.
Nesciunt numquam doloremque vero eaque voluptas sapiente. Ducimus cupiditate illum animi sit.",2022-04-09 07:30:43,2023-10-18 20:05:12
19,4,5,"Voluptatem possimus molestiae rem quidem aliquid. Quasi accusamus aliquid veritatis esse provident eveniet.
Voluptatibus et vero nihil vel maiores dignissimos. Quia repellendus ut dolorum voluptate.",2020-12-30 18:15:26,2023-10-19 15:11:49
3,8,2,Nam excepturi itaque beatae voluptate iure. Saepe voluptatum omnis earum cumque. Eveniet debitis doloremque commodi ipsam incidunt.,2023-03-31 13:09:46,2023-07-10 02:19:30
15,17,4,Nesciunt ab officiis modi atque ducimus dignissimos consequuntur. Doloremque facere deserunt doloremque nesciunt dolorem possimus. Nam repellat natus minus pariatur impedit veritatis id.,2023-05-26 02:17:06,2023-01-06 01:27:46
13,3,2,Inventore iste officia recusandae atque iusto aut dolorem. Repellendus assumenda excepturi commodi magnam aspernatur. Eum odit iusto accusamus facilis.,2021-01-18 20:51:50,2023-06-07 10:24:52
3,7,4,"Sed fuga ex accusantium culpa. Nihil eum optio sit. Rem praesentium in veritatis officia.
Autem dolores quasi quia quas fugiat.",2020-05-02 02:06:08,2023-03-01 17:35:20
3,17,2,Temporibus est ea perferendis maiores maxime qui. Eligendi perspiciatis rem saepe omnis reiciendis atque. Provident quaerat eveniet natus.,2023-09-25 10:57:18,2023-05-28 02:00:39
17,17,1,"Sequi veritatis tempora debitis necessitatibus et architecto. Cupiditate sit enim facilis.
Deleniti repellat deserunt.
Rem harum assumenda qui distinctio esse nesciunt. Quod illum ad dolor.",2023-04-29 14:48:51,2023-05-05 06:00:14
5,8,4,"Excepturi nulla aliquid velit nostrum incidunt explicabo. Odio repellendus magni eius sapiente.
Error sequi voluptatem.",2021-01-04 02:55:20,2023-09-03 09:04:02
17,7,1,"Voluptas blanditiis impedit ducimus corporis aspernatur. Corrupti vel ad.
Iste perferendis qui architecto. Explicabo mollitia id. Dolorem iste omnis ad eligendi.",2023-02-13 17:59:11,2023-08-14 10:19:46
15,15,4,"Eum incidunt odit tempora. Dolorem nisi sint blanditiis quos.
Quod explicabo ducimus veniam. Delectus nam qui voluptates ipsam. Vero ipsa natus.",2021-07-19 01:14:03,2023-05-13 19:02:20
6,20,1,Recusandae nihil repudiandae aut minima non. Illo explicabo placeat perspiciatis atque eum. Quos consequatur itaque itaque. Beatae ipsum sit deserunt ratione adipisci.,2022-11-26 14:20:24,2023-02-08 02:34:44
11,5,4,"Adipisci voluptatem in corrupti debitis ipsum reprehenderit aspernatur. Fugit facere earum dolore.
At architecto nihil eum dolorum.",2020-02-04 11:01:49,2023-08-12 09:51:21
18,8,5,Veniam nesciunt sed odit eius. Fugit ducimus nihil quae omnis dolor.,2020-06-08 04:15:01,2023-06-27 07:01:14
8,9,4,"Eligendi ducimus facere minima porro iure. Sunt numquam reprehenderit nobis dicta adipisci.
Quidem provident enim officia. Laborum nulla quasi perspiciatis nihil veniam eius tenetur.",2022-02-11 16:45:10,2023-09-30 23:31:40
9,1,4,Explicabo voluptatum quas voluptatibus vel occaecati. Incidunt ratione soluta consequuntur expedita eius debitis iste.,2023-05-02 03:31:51,2023-01-17 14:44:47
12,2,4,"Quos itaque dignissimos atque. Consequuntur quisquam repellendus accusantium cum blanditiis quaerat.
Quaerat dolorum ipsam.
Ipsum fugit ad.",2020-03-07 06:27:21,2023-04-22 02:47:24
17,6,1,"Tenetur molestias sequi. Non beatae sunt adipisci saepe. Expedita beatae repellat iusto modi.
Ex ea minus ipsum eum.
Numquam nisi nam. Voluptatem quas doloremque.",2021-12-30 21:31:59,2023-04-11 15:54:31
